district,neighborhood,day_pop,night_pop,night_ratio,other,restaurant,cafe,bar,total_business,cafe_norm,bar_norm,night_norm,vibe_score
11110,11110515,276.6411340206186,232.40341726618706,0.8400898806641878,,0.0,0.0,0.0,,,,0.43472986580202927,
11110,11110530,452.11577464788735,248.3658409785933,0.5493412415703108,,0.0,0.0,0.0,,,,0.2842732066223326,
11110,11110540,142.67764525993886,85.01571428571428,0.5958586864173954,,0.0,0.0,0.0,,,,0.30834506252879595,
11110,11110550,188.8677264957265,236.35669950738918,1.2514403804862724,,0.0,0.0,0.0,,,,0.6475955980304304,
11110,11110560,281.7569426751592,368.3027188940092,1.3071646625532476,,0.0,0.0,0.0,,,,0.6764318097530831,
11110,11110570,131.15303896103896,219.43448979591838,1.6731178441172438,,0.0,0.0,0.0,,,,0.8658053293881038,
11110,11110580,172.30542757417103,210.3950226244344,1.2210585910526075,,0.0,0.0,0.0,,,,0.6318736240520267,
11110,11110600,164.53867669172934,118.40459574468086,0.7196155829459917,,0.0,0.0,0.0,,,,0.37238680408318364,
11110,11110615,788.8003305785124,545.1457464788732,0.691107401132881,,0.0,0.0,0.0,,,,0.35763438492051614,
11110,11110630,207.01635714285715,146.12537216828477,0.7058638949358338,,0.0,0.0,0.0,,,,0.3652705780449878,
11110,11110640,471.44356545961,385.4549019607843,0.817605605848082,,0.0,0.0,0.0,,,,0.4230946991389888,
11110,11110650,373.8812518195051,351.1190419161677,0.9391191460054111,,0.0,0.0,0.0,,,,0.48597554822618466,
11110,11110670,165.10198863636364,127.04159090909093,0.7694734143323945,,0.0,0.0,0.0,,,,0.3981872438297674,
11110,11110680,194.4033108108108,279.2291818181818,1.436339641817735,,0.0,0.0,0.0,,,,0.7432773017571441,
11110,11110690,168.5468292682927,245.41356435643564,1.4560556577767865,,0.0,0.0,0.0,,,,0.7534799493182035,
11110,11110700,150.61623582766438,233.28643939393942,1.5488797612819547,,0.0,0.0,0.0,,,,0.8015145834553168,
11110,11110710,226.05102710413692,214.3251082251082,0.9481271152392207,,0.0,0.0,0.0,,,,0.4906369938003972,
11140,11140520,296.5103566333809,158.18072727272727,0.5334745439205998,,0.0,0.0,0.0,,,,0.27606250500725443,
11140,11140540,337.0982748948107,199.82354545454547,0.592775342789574,,0.0,0.0,0.0,,,,0.30674949330174545,
11140,11140550,616.0470741758242,326.5974857142857,0.5301502099514436,,0.0,0.0,0.0,,,,0.27434222805409103,
11140,11140570,218.833,131.20822981366462,0.5995815522049445,,0.0,0.0,0.0,,,,0.3102715718005665,
11140,11140580,218.6197485207101,132.23018382352942,0.6048409840294144,,0.0,0.0,0.0,,,,0.3129932235474476,
11140,11140590,272.83601683029457,218.75408163265305,0.8017786074362727,,0.0,0.0,0.0,,,,0.41490454109283426,
11140,11140605,158.01419161676645,139.08546583850932,0.8802086978100981,,0.0,0.0,0.0,,,,0.45549055867002186,
11140,11140615,212.84803981623276,230.75253048780488,1.0841186542616525,,0.0,0.0,0.0,,,,0.5610099204004563,
11140,11140625,249.0676447876448,315.6950505050505,1.2675072700599561,,0.0,0.0,0.0,,,,0.6559098949991087,
11140,11140635,281.385126984127,369.35380165289257,1.312627307674751,,0.0,0.0,0.0,,,,0.6792586203542509,
11140,11140645,161.34596730245232,296.4787628865979,1.837534385540801,,0.0,0.0,0.0,,,,0.950887631453433,
11140,11140650,256.1230919220056,299.8804069767442,1.1708448649685346,,0.0,0.0,0.0,,,,0.6058890158519015,
11140,11140665,265.208877755511,394.437294117647,1.4872703261512543,,0.0,0.0,0.0,,,,0.7696329216439249,
11140,11140670,237.94538053097347,291.64812765957447,1.2256935898850556,,0.0,0.0,0.0,,,,0.6342721440994646,
11140,11140680,210.44269927536232,280.05912195121954,1.3308093980716564,,0.0,0.0,0.0,,,,0.6886674918335715,
11170,11170510,228.91370175438595,302.0169607843137,1.3193485513084937,,0.0,0.0,0.0,,,,0.6827367307447839,
11170,11170520,195.3741352201258,214.54310714285714,1.0981141741261395,,0.0,0.0,0.0,,,,0.5682523245914313,
11170,11170530,312.9626591230552,293.4466961651917,0.9376412412504781,,0.0,0.0,0.0,,,,0.4852107618020555,
11170,11170555,348.6924425287356,335.39142424242425,0.9618545839713311,,0.0,0.0,0.0,,,,0.497740686842139,
11170,11170560,275.6115384615385,341.44041666666664,1.2388465975429928,,0.0,0.0,0.0,,,,0.6410785649189933,
11170,11170570,222.9038403041825,326.1534020618557,1.4632022562589104,,0.0,0.0,0.0,,,,0.7571781724138303,
11170,11170580,156.65493601462524,253.62436363636363,1.6190001418958504,,0.0,0.0,0.0,,,,0.8378004908991316,
11170,11170590,218.53117516629712,316.84156626506024,1.4498689535895792,,0.0,0.0,0.0,,,,0.7502784524986786,
11170,11170625,866.9243621399177,678.143608815427,0.782240802578781,,0.0,0.0,0.0,,,,0.4047941142453541,
11170,11170630,362.7198771121352,417.91494736842105,1.1521699629359499,,0.0,0.0,0.0,,,,0.5962251241168017,
11170,11170640,124.53126373626372,214.0304672897196,1.7186886318202002,,0.0,0.0,0.0,,,,0.8893873089816874,
11170,11170650,180.1827856025039,180.5488821752266,1.0020318065984968,,0.0,0.0,0.0,,,,0.5185316033893029,
11170,11170660,237.4007076923077,242.58953900709218,1.0218568485545951,,0.0,0.0,0.0,,,,0.5287906697433462,
11170,11170685,386.54409604519776,337.50742603550293,0.8731408123642352,,0.0,0.0,0.0,,,,0.45183306801086187,
11170,11170690,303.36283861671467,244.70728624535315,0.8066488544252113,,0.0,0.0,0.0,,,,0.4174247973995167,
11170,11170700,169.84384210526315,262.25162790697675,1.5440749847406452,,0.0,0.0,0.0,,,,0.7990282068079029,
11200,11200520,265.86335135135135,319.16403614457835,1.2004815049622524,,0.0,0.0,0.0,,,,0.6212253897612096,
11200,11200535,422.8269208211144,453.1825324675325,1.0717920504859733,,0.0,0.0,0.0,,,,0.5546311472137597,
11200,11200540,345.58528593508504,400.7548042704626,1.159640819736002,,0.0,0.0,0.0,,,,0.6000911444663685,
11200,11200550,278.7862358642972,287.16261904761905,1.030045899351355,,0.0,0.0,0.0,,,,0.5330283412542884,
11200,11200560,381.39960926193925,324.91304615384615,0.8518966413798841,,0.0,0.0,0.0,,,,0.44083963050653124,
11200,11200570,392.15055201698516,578.680786516854,1.4756597524610642,,0.0,0.0,0.0,,,,0.7636246798374288,
11200,11200580,261.1503837471783,426.94513333333333,1.634863128314076,,0.0,0.0,0.0,,,,0.8460092720254587,
11200,11200590,313.9591387559809,458.1304026845637,1.4592039094636367,,0.0,0.0,0.0,,,,0.7551091071795663,
11200,11200615,378.00237911025147,511.9081132075472,1.3542457442000375,,0.0,0.0,0.0,,,,0.7007953365342192,
11200,11200620,291.48193406593407,468.8432903225806,1.6084814718449303,,0.0,0.0,0.0,,,,0.8323572875885084,
11200,11200645,306.08044585987267,413.3888842975207,1.3505890032804484,,0.0,0.0,0.0,,,,0.6989030455712703,
11200,11200650,323.2657602339181,270.375625,0.8363880690746638,,0.0,0.0,0.0,,,,0.4328142516605212,
11200,11200660,323.0684897360704,294.30144262295084,0.9109568155761008,,0.0,0.0,0.0,,,,0.4714021003011519,
11200,11200670,251.3508435582822,268.1677027027027,1.0669059188596717,,0.0,0.0,0.0,,,,0.552102670922016,
11200,11200690,407.7566428571429,305.0858944281525,0.7482058226946877,,0.0,0.0,0.0,,,,0.38718168660143504,
11200,11200720,204.72725252525254,279.7976630434783,1.3666849898694655,,0.0,0.0,0.0,,,,0.7072323996687895,
11200,11200790,246.72225328947368,289.01928286852586,1.1714358109782097,,0.0,0.0,0.0,,,,0.6061948187015671,
11215,11215710,508.39679029957205,562.8565722379603,1.1071206250265624,,0.0,0.0,0.0,,,,0.5729129844582039,
11215,11215730,318.1479411764706,330.17508250825085,1.0378036120155465,,0.0,0.0,0.0,,,,0.5370428038291362,
11215,11215740,288.73539888682745,363.11754545454545,1.2576135342409913,,0.0,0.0,0.0,,,,0.6507900827696615,
11215,11215750,311.2886402753873,393.5160165975104,1.2641515483808823,,0.0,0.0,0.0,,,,0.65417337552805,
11215,11215760,279.32501754385964,352.30755980861244,1.2612817960471194,,0.0,0.0,0.0,,,,0.6526883355630936,
11215,11215770,486.1835498489426,517.2379999999999,1.0638739220212323,,0.0,0.0,0.0,,,,0.5505336726409692,
11215,11215780,382.6534379457917,248.67715753424656,0.6498756652213202,,0.0,0.0,0.0,,,,0.33629777864518995,
11215,11215810,537.771863173217,544.3847839506172,1.0122968887557255,,0.0,0.0,0.0,,,,0.5238435799901051,
11215,11215820,347.82263242375603,385.4760211267606,1.1082545676818725,,0.0,0.0,0.0,,,,0.5734997773118214,
11215,11215830,399.84661442006274,495.02906367041203,1.2380474057243223,,0.0,0.0,0.0,,,,0.6406649989898262,
11215,11215840,499.40151212553496,481.77646153846155,0.9647076547444594,,0.0,0.0,0.0,,,,0.49921709443003326,
11215,11215847,375.0412573099415,382.2655120481928,1.0192625600449101,,0.0,0.0,0.0,,,,0.5274481768486866,
11215,11215850,346.91246179966043,418.81868913857676,1.2072748467030905,,0.0,0.0,0.0,,,,0.6247408094934495,
11215,11215860,396.27661971830986,482.1791085271318,1.2167740526046806,,0.0,0.0,0.0,,,,0.6296564603087637,
11215,11215870,458.9338102189781,463.55344615384615,1.0100660178701233,,0.0,0.0,0.0,,,,0.5226891485143292,
11230,11230515,305.9671491875923,290.10192170818505,0.9481472846953249,,0.0,0.0,0.0,,,,0.49064743109424797,
11230,11230533,375.24334869431647,429.2332958801498,1.143879824582354,,0.0,0.0,0.0,,,,0.5919351417983746,
11230,11230545,399.4178774289985,398.31486301369864,0.9972384450530862,,0.0,0.0,0.0,,,,0.5160511337760642,
11230,11230560,621.0068650217706,578.038632218845,0.9308087636013181,,0.0,0.0,0.0,,,,0.48167509001278663,
11230,11230570,317.33222222222224,468.1048888888889,1.4751256131849202,,0.0,0.0,0.0,,,,0.7633482733466684,
11230,11230600,432.1689445438283,514.4172199170125,1.1903150987861948,,0.0,0.0,0.0,,,,0.6159644760252744,
11230,11230610,495.35554954954955,621.262731092437,1.2541753729364309,,0.0,0.0,0.0,,,,0.6490109024260589,
11230,11230650,513.8761345852895,575.426148409894,1.119775972616975,,0.0,0.0,0.0,,,,0.5794618760545512,
11230,11230660,526.3421417322835,596.1980434782608,1.1327195681426332,,0.0,0.0,0.0,,,,0.5861599302453914,
11230,11230705,311.68093610698367,350.10951492537316,1.1232946079358508,,0.0,0.0,0.0,,,,0.581282700105868,
11230,11230710,241.90314285714288,255.20664429530203,1.0549951574875387,,0.0,0.0,0.0,,,,0.5459390879387124,
11230,11230720,291.1186,357.3971370967742,1.227668507257091,,0.0,0.0,0.0,,,,0.6352941247040116,
11230,11230730,382.40424793388433,416.2837906137184,1.0885961462585312,,0.0,0.0,0.0,,,,0.5633269337816837,
11230,11230740,421.4960830860534,425.5164906832298,1.009538422202504,,0.0,0.0,0.0,,,,0.5224161282113106,
11230,11230750,333.1971686746988,554.7244512195122,1.6648534362580103,,0.0,0.0,0.0,,,,0.8615286620906268,
11260,11260520,446.7779777365492,567.8159276018099,1.2709129722070431,,0.0,0.0,0.0,,,,0.6576722783719382,
11260,11260540,323.5328,413.8283886255925,1.2790925328918505,,0.0,0.0,0.0,,,,0.6619050389380035,
11260,11260550,331.4036756756757,434.7727814569537,1.3119129731151171,,0.0,0.0,0.0,,,,0.6788889663750816,
11260,11260565,540.5109687500001,712.561673306773,1.3183112175404357,,0.0,0.0,0.0,,,,0.6821999310758922,
11260,11260570,406.15293501048217,535.4687113402063,1.3183918302261848,,0.0,0.0,0.0,,,,0.6822416465433252,
11260,11260575,389.63504051863856,489.7463265306123,1.2569360442498108,,0.0,0.0,0.0,,,,0.6504394951245452,
11260,11260580,360.1168535262206,549.745376344086,1.526574974098118,,0.0,0.0,0.0,,,,0.7899722980852015,
11260,11260590,381.6344095665172,400.75134868421054,1.0500922837104953,,0.0,0.0,0.0,,,,0.5434019479157267,
11260,11260600,339.910636550308,419.61578431372544,1.2344885366704927,,0.0,0.0,0.0,,,,0.6388233547779532,
11260,11260610,427.2024524714829,530.3998245614034,1.2415654954527895,,0.0,0.0,0.0,,,,0.6424855407089181,
11260,11260620,544.3462177121771,715.5854672897196,1.3145778256662477,,0.0,0.0,0.0,,,,0.6802679747628737,
11260,11260630,395.04984526112185,488.92769230769227,1.2376354482167147,,0.0,0.0,0.0,,,,0.6404518191430975,
11260,11260655,619.3215189873418,708.7050724637681,1.1443249600346168,,0.0,0.0,0.0,,,,0.5921654905739995,
11260,11260660,374.91314176245214,554.439587628866,1.478848100715987,,0.0,0.0,0.0,,,,0.765274586878205,
11260,11260680,582.53118699187,682.891939163498,1.1722839127118334,,0.0,0.0,0.0,,,,0.6066336945425107,
11260,11260690,374.51594527363187,521.1954248366013,1.3916508266578644,,0.0,0.0,0.0,,,,0.7201517254772078,
11290,11290525,334.60995626822154,328.81305194805196,0.9826756370766122,,0.0,0.0,0.0,,,,0.5085151692286659,
11290,11290555,414.79577812018493,415.0008777429467,1.0004944592823275,,0.0,0.0,0.0,,,,0.5177360566176634,
11290,11290575,332.37096491228067,331.7309384164223,0.9980743609899039,,0.0,0.0,0.0,,,,0.5164837037086375,
11290,11290580,256.61452054794523,427.958345323741,1.6677089995138539,,0.0,0.0,0.0,,,,0.8630063594889346,
11290,11290590,332.96166666666664,492.3929702970297,1.4788278038924292,,0.0,0.0,0.0,,,,0.765264083674221,
11290,11290600,337.7632083958021,341.7993865030675,1.0119497269298072,,0.0,0.0,0.0,,,,0.5236639306246423,
11290,11290610,322.60398550724636,439.5865865384615,1.3626198258129936,,0.0,0.0,0.0,,,,0.7051287578259237,
11290,11290620,314.32812227074237,445.45491525423733,1.4171653240448865,,0.0,0.0,0.0,,,,0.7333549722730113,
11290,11290630,355.29758490566036,530.7575789473684,1.4938395347896798,,0.0,0.0,0.0,,,,0.7730323569371467,
11290,11290640,241.1995542635659,325.5335828877005,1.3496442142342449,,0.0,0.0,0.0,,,,0.6984141359620477,
11290,11290650,399.2626755218216,534.8761835748792,1.3396598689717631,,0.0,0.0,0.0,,,,0.6932474351411211,
11290,11290660,554.8197743055556,716.285643153527,1.2910239979281044,,0.0,0.0,0.0,,,,0.6680793356572204,
11290,11290685,396.44813263525305,471.5169585253456,1.1893534606686083,,0.0,0.0,0.0,,,,0.6154668473554967,
11290,11290705,588.1058925750394,659.2819587628866,1.1210259361221506,,0.0,0.0,0.0,,,,0.5801087073988745,
11290,11290715,399.6390148698885,580.0665284974093,1.4514762245779809,,0.0,0.0,0.0,,,,0.7511101833850724,
11290,11290725,377.73411861614494,455.52716599190285,1.2059465733748334,,0.0,0.0,0.0,,,,0.6240534543674894,
11290,11290760,447.87504288164666,578.7711483253588,1.2922603246689548,,0.0,0.0,0.0,,,,0.6687191102462351,
11290,11290770,218.6832802547771,282.476846473029,1.2917167062060217,,0.0,0.0,0.0,,,,0.6684377984641535,
11290,11290780,315.86567204301076,433.39815789473687,1.3720964202647572,,0.0,0.0,0.0,,,,0.710032707664027,
11290,11290810,471.81683655536034,540.2769921875,1.1450990094629803,,0.0,0.0,0.0,,,,0.5925660458144109,
11305,11305534,408.86503921568624,569.0637373737374,1.391813148087583,,0.0,0.0,0.0,,,,0.7202357236004832,
11305,11305535,363.2127954971857,429.48461538461544,1.1824600364001858,,0.0,0.0,0.0,,,,0.6118996368984937,
11305,11305545,474.73470409711683,552.7973550724638,1.1644342625505162,,0.0,0.0,0.0,,,,0.6025716561347579,
11305,11305555,417.4477631578947,485.699453125,1.163497558235304,,0.0,0.0,0.0,,,,0.6020869302136144,
11305,11305575,461.27853413654617,727.4362285714285,1.5769999571584121,,0.0,0.0,0.0,,,,0.8160662275841976,
11305,11305595,390.2755366269165,371.3344150943396,0.9514673102591013,,0.0,0.0,0.0,,,,0.4923654785330038,
11305,11305603,362.2953698630137,479.24631944444445,1.322805531921787,,0.0,0.0,0.0,,,,0.6845256497077276,
11305,11305608,326.52697424892705,481.0391447368421,1.4731987941986167,,0.0,0.0,0.0,,,,0.7623511827036074,
11305,11305615,348.303605870021,448.0499450549451,1.2863775668809676,,0.0,0.0,0.0,,,,0.6656748996652249,
11305,11305625,365.4478363636364,442.76586206896553,1.2115706210623023,,0.0,0.0,0.0,,,,0.6269637875981487,
11305,11305635,453.369142394822,483.2453658536586,1.065898228761274,,0.0,0.0,0.0,,,,0.5515812112647468,
11305,11305645,374.79321533923303,407.41535714285715,1.0870403744478063,,0.0,0.0,0.0,,,,0.5625218526992164,
11305,11305660,461.5511711711712,606.313153153153,1.3136423240236896,,0.0,0.0,0.0,,,,0.6797838712009961,
11320,11320511,377.254531516184,503.73799999999994,1.3352735564911031,,0.0,0.0,0.0,,,,0.6909776053526996,
11320,11320512,501.44829443447037,598.0080508474576,1.1925617406314775,,0.0,0.0,0.0,,,,0.6171270686601633,
11320,11320513,349.60322981366454,476.3463559322033,1.3625341967981581,,0.0,0.0,0.0,,,,0.7050844465075934,
11320,11320514,480.82140939597315,547.5390909090909,1.138757717957965,,0.0,0.0,0.0,,,,0.5892845531212633,
11320,11320515,419.82963099630996,537.9388888888889,1.2813266362650257,,0.0,0.0,0.0,,,,0.6630611431620425,
11320,11320521,410.67503267973854,485.16034313725487,1.1813728727833404,,0.0,0.0,0.0,,,,0.6113370512702959,
11320,11320522,418.9814700854701,601.6628571428571,1.436013046161972,,0.0,0.0,0.0,,,,0.7431082949771921,
11320,11320660,396.7216449086162,461.85970930232554,1.1641908507631684,,0.0,0.0,0.0,,,,0.6024456953583174,
11320,11320670,370.20670353982297,484.0178787878788,1.3074260248661682,,0.0,0.0,0.0,,,,0.6765670595707953,
11320,11320680,353.9215334773218,526.4023809523809,1.4873420551171723,,0.0,0.0,0.0,,,,0.7696700399623875,
11320,11320681,562.7383183183184,681.3557333333333,1.2107860992467867,,0.0,0.0,0.0,,,,0.6265578131049098,
11320,11320690,473.5129590017826,653.4784924623116,1.380064642454382,,0.0,0.0,0.0,,,,0.7141561047467746,
11320,11320700,411.2210275689223,543.0730967741936,1.3206355229078657,,0.0,0.0,0.0,,,,0.6834027130444917,
11320,11320710,500.046196868009,776.3360645161291,1.5525286851067661,,0.0,0.0,0.0,,,,0.803402829226624,
11350,11350560,351.44636833046474,352.43592334494775,1.0028156643620587,,0.0,0.0,0.0,,,,0.518937234248815,
11350,11350570,386.5780260707635,555.5422395833333,1.4370766109754018,,0.0,0.0,0.0,,,,0.7436586686922624,
11350,11350580,475.55870915032676,592.7582,1.2464458932085833,,0.0,0.0,0.0,,,,0.6450110498362979,
11350,11350595,577.1680273141122,647.903651877133,1.1225563808379917,,0.0,0.0,0.0,,,,0.5809006822116279,
11350,11350600,637.7752470930233,660.6245987654321,1.0358266517500578,,0.0,0.0,0.0,,,,0.5360197660677095,
11350,11350611,465.0896129032258,501.2831203007519,1.0778205025298147,,0.0,0.0,0.0,,,,0.5577507516850588,
11350,11350612,341.29566572237957,484.5613286713287,1.4197699453513888,,0.0,0.0,0.0,,,,0.7347028121852665,
11350,11350619,427.1748451730419,561.685671641791,1.3148847081907664,,0.0,0.0,0.0,,,,0.6804267803880475,
11350,11350621,495.5092049469965,694.3269948186529,1.4012393470933069,,0.0,0.0,0.0,,,,0.7251135947939104,
11350,11350624,362.16810869565217,594.4102040816326,1.641254958152997,,0.0,0.0,0.0,,,,0.8493169173049216,
11350,11350625,525.4707253886011,660.6771120689655,1.2573052696330045,,0.0,0.0,0.0,,,,0.6506305619436809,
11350,11350630,557.7320846394985,649.8343636363637,1.1651371357923535,,0.0,0.0,0.0,,,,0.602935379109088,
11350,11350640,446.9161526232115,456.49419014084503,1.0214313970560573,,0.0,0.0,0.0,,,,0.5285705070237116,
11350,11350665,420.6462433862434,636.8052577319588,1.5138736354938398,,0.0,0.0,0.0,,,,0.7833996070505488,
11350,11350670,398.86652000000004,573.155956284153,1.43696180938965,,0.0,0.0,0.0,,,,0.7435992611465742,
11350,11350695,546.5645592705167,541.4709836065574,0.99068074287371,,0.0,0.0,0.0,,,,0.5126576528473854,
11350,11350700,419.97004246284496,531.1096464646464,1.2646369806523379,,0.0,0.0,0.0,,,,0.654424577109075,
11350,11350710,395.27772602739725,637.42848,1.6126091556087807,,0.0,0.0,0.0,,,,0.8344932821410356,
11350,11350720,395.45649732620325,495.5490566037736,1.2531063718874904,,0.0,0.0,0.0,,,,0.6484577155668376,
11380,11380510,562.118417721519,637.5029109589042,1.1341078514078,,0.0,0.0,0.0,,,,0.5868783393245295,
11380,11380520,491.83462585034016,678.0797816593886,1.3786743470674647,,0.0,0.0,0.0,,,,0.7134366544345033,
11380,11380530,467.91910256410256,596.8976818181818,1.2756429018334634,,0.0,0.0,0.0,,,,0.6601199232240831,
11380,11380551,300.98599250936326,372.31857142857143,1.2369963410074278,,0.0,0.0,0.0,,,,0.6401210938270078,
11380,11380552,470.7326060606061,571.7616666666667,1.2146209106939434,,0.0,0.0,0.0,,,,0.6285422520371826,
11380,11380560,463.608338762215,596.5256916996047,1.2867018166503754,,0.0,0.0,0.0,,,,0.6658426924954749,
11380,11380570,548.394127218935,575.14986013986,1.0487892404256973,,0.0,0.0,0.0,,,,0.5427276488372917,
11380,11380580,506.1407308970099,577.4863846153847,1.140960111216365,,0.0,0.0,0.0,,,,0.5904242479892821,
11380,11380590,484.1687643020595,645.0960220994475,1.332378438393002,,0.0,0.0,0.0,,,,0.6894794391073527,
11380,11380600,427.10058528428095,479.3444308943089,1.1223221119569624,,0.0,0.0,0.0,,,,0.580779452708029,
11380,11380625,673.1295524691358,750.4296677740863,1.114836906241009,,0.0,0.0,0.0,,,,0.5769060070788252,
11380,11380631,435.71502752293577,535.2918143459915,1.2285364987045668,,0.0,0.0,0.0,,,,0.6357432930777339,
11380,11380632,367.7982894736842,515.1300558659218,1.4005776280337463,,0.0,0.0,0.0,,,,0.7247711682933865,
11380,11380640,326.4749728260869,452.10447552447556,1.3848059212958765,,0.0,0.0,0.0,,,,0.7166096225928213,
11380,11380650,342.78248618784534,446.84195454545454,1.303572885286165,,0.0,0.0,0.0,,,,0.6745731361929694,
11380,11380690,821.4503257790369,838.5366871165645,1.020800236850991,,0.0,0.0,0.0,,,,0.5282438941248261,
11410,11410520,258.26547899159664,369.5132242990654,1.430749574979351,,0.0,0.0,0.0,,,,0.7403845529425129,
11410,11410555,255.38764563106798,400.64620437956205,1.5687767643949937,,0.0,0.0,0.0,,,,0.8118108882820757,
11410,11410565,377.67721985815604,347.2177300613497,0.9193504712615551,,0.0,0.0,0.0,,,,0.47574565078748926,
11410,11410585,703.4467081604427,643.0560277777778,0.9141503120533604,,0.0,0.0,0.0,,,,0.473054671444969,
11410,11410615,605.7171572871573,580.086625386997,0.9576856432217431,,0.0,0.0,0.0,,,,0.49558334261705195,
11410,11410620,381.5435364041605,427.17572390572394,1.1195989006434808,,0.0,0.0,0.0,,,,0.5793702448171727,
11410,11410640,322.1770143884892,396.2071111111111,1.229780814323875,,0.0,0.0,0.0,,,,0.6363872017530409,
11410,11410655,256.3157907542579,447.32774193548386,1.7452211610495671,,0.0,0.0,0.0,,,,0.903117367082318,
11410,11410660,377.9640039840637,440.0211016949152,1.1641878513739845,,0.0,0.0,0.0,,,,0.6024441432338514,
11410,11410685,390.2835,473.46976833976834,1.2131431852480783,,0.0,0.0,0.0,,,,0.6277775584019429,
11410,11410690,265.7203404255319,372.0421590909091,1.4001267591901714,,0.0,0.0,0.0,,,,0.7245378526013718,
11410,11410700,473.0431428571428,518.7263829787233,1.0965730944658818,,0.0,0.0,0.0,,,,0.5674548464056872,
11410,11410710,296.0344536082474,383.351568627451,1.2949559213629684,,0.0,0.0,0.0,,,,0.6701140281187352,
11410,11410720,479.2754125412542,562.8529343629343,1.1743830783609959,,0.0,0.0,0.0,,,,0.6077199711683344,
11440,11440555,415.495016025641,506.229358490566,1.218376488201547,,0.0,0.0,0.0,,,,0.6304856889758574,
11440,11440565,526.771111111111,607.4652739726027,1.1531863861920686,,0.0,0.0,0.0,,,,0.596751103010133,
11440,11440585,320.48685975609754,351.3337162162162,1.096249988169856,,0.0,0.0,0.0,,,,0.567287645300253,
11440,11440590,341.0785808580858,405.7785384615385,1.189692232917941,,0.0,0.0,0.0,,,,0.6156421552813266,
11440,11440600,333.3761185185185,319.6445602605863,0.9588106121129685,,0.0,0.0,0.0,,,,0.4961654917255821,
11440,11440610,302.8105855855856,322.19390845070427,1.0640113780290557,,0.0,0.0,0.0,,,,0.5506048034011535,
11440,11440630,337.72846029173417,411.92430830039524,1.2196908366697012,,0.0,0.0,0.0,,,,0.6311658382626528,
11440,11440655,431.1688328530259,438.83263313609467,1.0177744764907002,,0.0,0.0,0.0,,,,0.5266781230976375,
11440,11440660,1114.5306491712709,1005.4078630136986,0.9020908162205208,,0.0,0.0,0.0,,,,0.4668141213256108,
11440,11440680,360.1066666666667,320.2548961424332,0.889333427528232,,0.0,0.0,0.0,,,,0.4602124254811158,
11440,11440690,360.67291907514453,355.12765243902436,0.9846252204065123,,0.0,0.0,0.0,,,,0.5095240399684341,
11440,11440700,309.95855140186916,337.9323021582734,1.0902499725524124,,0.0,0.0,0.0,,,,0.5641827561161111,
11440,11440710,289.3331818181818,291.3047975077881,1.006814343509502,,0.0,0.0,0.0,,,,0.5210064714687408,
11440,11440720,345.86739635157545,425.2219917012448,1.2294364724364049,,0.0,0.0,0.0,,,,0.6362090116498443,
11440,11440730,550.3102108433735,605.5623178807946,1.100401747866435,,0.0,0.0,0.0,,,,0.5694360986708722,
11440,11440740,561.7071326676177,505.6850755287009,0.9002646505967247,,0.0,0.0,0.0,,,,0.46586911680307386,
11470,11470510,596.8181148748159,565.5168269230769,0.9475530531470135,,0.0,0.0,0.0,,,,0.49033992804344523,
11470,11470520,462.0926475548061,602.9538211382114,1.3048331851389143,,0.0,0.0,0.0,,,,0.6752253163923344,
11470,11470530,317.9751460674157,450.9095679012346,1.4180654478121844,,0.0,0.0,0.0,,,,0.733820768485499,
11470,11470540,371.29525179856114,482.61178571428576,1.2998059721380901,,0.0,0.0,0.0,,,,0.6726238332849809,
11470,11470550,657.2426403641881,705.4006484641637,1.073272799332208,,0.0,0.0,0.0,,,,0.5553974053987781,
11470,11470560,351.33133333333336,475.195,1.3525551378850353,,0.0,0.0,0.0,,,,0.6999204812677043,
11470,11470570,262.2668475991649,392.2993567251462,1.4958023109528362,,0.0,0.0,0.0,,,,0.7740480547066922,
11470,11470580,265.87604118993136,344.836705882353,1.296983001322843,,0.0,0.0,0.0,,,,0.6711630018288215,
11470,11470590,260.463937007874,388.76817518248174,1.4925988589765078,,0.0,0.0,0.0,,,,0.7723903317893879,
11470,11470600,307.63733485193626,427.28865497076026,1.388936278415009,,0.0,0.0,0.0,,,,0.7187470005537311,
11470,11470610,285.1633894736842,411.7925698324022,1.4440583364941513,,0.0,0.0,0.0,,,,0.7472715732965088,
11470,11470611,341.65302277432716,427.28105000000005,1.2506286247092067,,0.0,0.0,0.0,,,,0.6471755305017646,
11470,11470620,277.0709263157895,364.38459016393443,1.3151310929990172,,0.0,0.0,0.0,,,,0.6805542796438911,
11470,11470630,313.12253075571175,467.5883333333333,1.493307850459764,,0.0,0.0,0.0,,,,0.7727572208324116,
11470,11470640,762.5341149773071,890.8590140845071,1.168287420309082,,0.0,0.0,0.0,,,,0.6045655889196297,
11470,11470650,504.0127245949927,571.4439666666667,1.1337887691741502,,0.0,0.0,0.0,,,,0.586713220591633,
11470,11470670,332.353125,471.9090502793296,1.419902551779315,,0.0,0.0,0.0,,,,0.7347714333839545,
11470,11470680,402.914006116208,535.3842857142857,1.3287805278227802,,0.0,0.0,0.0,,,,0.6876175916844036,
11500,11500510,538.0163957055215,622.446610738255,1.1569287027433743,,0.0,0.0,0.0,,,,0.5986876776667062,
11500,11500520,419.9836349206349,469.84389285714286,1.118719525692781,,0.0,0.0,0.0,,,,0.5789151857061106,
11500,11500530,322.629419729207,358.78856589147284,1.1120764070202134,,0.0,0.0,0.0,,,,0.5754775034348409,
11500,11500535,548.6312552891396,479.9276946107785,0.8747727913493499,,0.0,0.0,0.0,,,,0.4526775847959346,
11500,11500540,720.0505882352941,803.940816993464,1.116506020728028,,0.0,0.0,0.0,,,,0.5777697407502465,
11500,11500550,282.35800865800866,393.3950292397661,1.3932490567896205,,0.0,0.0,0.0,,,,0.7209787778994436,
11500,11500560,341.9365170556553,374.2924590163934,1.0946255820798212,,0.0,0.0,0.0,,,,0.5664470473383177,
11500,11500570,373.34171945701354,510.5963005780347,1.3676379412422581,,0.0,0.0,0.0,,,,0.707725533120275,
11500,11500590,468.2852688172043,545.0432291666667,1.16391282293235,,0.0,0.0,0.0,,,,0.6023018214653414,
11500,11500591,359.371515625,429.1713427561838,1.1942274890924274,,0.0,0.0,0.0,,,,0.617989060479796,
11500,11500593,459.7609544787078,448.5746794871794,0.9756693671296821,,0.0,0.0,0.0,,,,0.5048895633692148,
11500,11500603,643.3749784172662,582.6605454545455,0.9056313425304771,,0.0,0.0,0.0,,,,0.468646273531014,
11500,11500604,261.57402953586495,351.01314917127075,1.341926604082622,,0.0,0.0,0.0,,,,0.6944204256427724,
11500,11500605,287.11014778325125,446.8736296296296,1.5564536226946215,,0.0,0.0,0.0,,,,0.8054339066507452,
11500,11500611,506.5752449567723,536.8409717868338,1.0597457675466242,,0.0,0.0,0.0,,,,0.5483974345049527,
11500,11500615,586.6294850498339,717.6135315985131,1.2232824123007595,,0.0,0.0,0.0,,,,0.6330244074801196,
11500,11500620,551.0620168067227,510.718567251462,0.9267896383259335,,0.0,0.0,0.0,,,,0.479595272326817,
11500,11500630,565.5868258859784,624.269006849315,1.1037545046623254,,0.0,0.0,0.0,,,,0.5711710838736364,
11500,11500640,522.9660618846694,429.87342182890853,0.8219910490553194,,0.0,0.0,0.0,,,,0.4253640790956399,
11500,11500641,356.5755897435898,457.2016740088106,1.2822012699679755,,0.0,0.0,0.0,,,,0.6635137487713478,
11530,11530510,548.7996638655462,530.3249707602339,0.9663361799911041,,0.0,0.0,0.0,,,,0.5000598239738879,
11530,11530520,355.7937425742574,507.7229411764705,1.4270148134224256,,0.0,0.0,0.0,,,,0.7384518878458198,
11530,11530530,335.97204347826084,362.6212302839117,1.0793196556765747,,0.0,0.0,0.0,,,,0.5585265337308947,
11530,11530540,437.83509887005647,425.76482142857145,0.9724319099299362,,0.0,0.0,0.0,,,,0.5032142434226483,
11530,11530550,329.57935749588137,399.684756097561,1.212711740001968,,0.0,0.0,0.0,,,,0.6275542940367131,
11530,11530560,578.8126780626781,527.2696960486322,0.9109504957863684,,0.0,0.0,0.0,,,,0.47139882993520005,
11530,11530595,163.6814367816092,194.9401801801802,1.1909730511486025,,0.0,0.0,0.0,,,,0.6163049533346635,
11530,11530720,567.0128714285714,494.21156862745096,0.8716055552359864,,0.0,0.0,0.0,,,,0.45103860287005154,
11530,11530730,331.4044927536232,512.975,1.5478818519861233,,0.0,0.0,0.0,,,,0.8009981851695567,
11530,11530740,453.881273006135,599.940703125,1.3218009616292117,,0.0,0.0,0.0,,,,0.6840058044881485,
11530,11530750,403.1690422077922,564.7202459016394,1.4007033943111737,,0.0,0.0,0.0,,,,0.7248362498497376,
11530,11530760,273.8392364990689,398.87491978609626,1.456602512063506,,0.0,0.0,0.0,,,,0.7537629355749726,
11530,11530770,361.87922123893804,449.10406779661014,1.241033033781401,,0.0,0.0,0.0,,,,0.6422100023453748,
11530,11530780,529.8664109985529,623.5949668874172,1.176890918056552,,0.0,0.0,0.0,,,,0.6090177285147749,
11530,11530790,360.46795763993947,387.9927915194346,1.0763586146732878,,0.0,0.0,0.0,,,,0.5569942536884598,
11530,11530800,264.9595945945946,396.7183720930232,1.4972787556533973,,0.0,0.0,0.0,,,,0.7748120855816166,
11545,11545510,613.248354609929,535.9380182926828,0.8739330717545565,,0.0,0.0,0.0,,,,0.452243046545733,
11545,11545610,674.3291848617176,722.3996978851964,1.07128641930771,,0.0,0.0,0.0,,,,0.5543694930987287,
11545,11545620,280.06537313432835,373.5285326086956,1.3337190828997605,,0.0,0.0,0.0,,,,0.6901731960730366,
11545,11545630,295.24475763016153,412.6494581280788,1.3976521088478877,,0.0,0.0,0.0,,,,0.7232572700875611,
11545,11545640,267.87736568457535,337.00665217391304,1.258063186162347,,0.0,0.0,0.0,,,,0.6510227687285426,
11545,11545670,456.2182784431138,521.9825862068966,1.144150970864669,,0.0,0.0,0.0,,,,0.5920754546263667,
11545,11545680,323.59327345309384,463.83510204081637,1.4333891959223657,,0.0,0.0,0.0,,,,0.7417505044731012,
11545,11545690,187.61306,284.7930994152047,1.5179812077858799,,0.0,0.0,0.0,,,,0.7855251943149483,
11545,11545700,337.25811394891946,459.85905940594057,1.3635225970444407,,0.0,0.0,0.0,,,,0.7055959240486458,
11545,11545710,278.7688699360341,344.2693532338308,1.2349634064694037,,0.0,0.0,0.0,,,,0.6390690904887449,
11560,11560515,313.6436939721793,317.7016938110749,1.0129382478171411,,0.0,0.0,0.0,,,,0.5241754705950481,
11560,11560535,787.2828571428571,640.60396011396,0.813689710504796,,0.0,0.0,0.0,,,,0.4210683008972487,
11560,11560540,1527.0,952.8903081232494,0.6240277066949897,,0.0,0.0,0.0,,,,0.3229219723177479,
11560,11560550,363.34866965620324,385.9947826086957,1.0623261204559244,,0.0,0.0,0.0,,,,0.5497327160025647,
11560,11560560,570.3077840112202,584.3475667655786,1.0246179048365964,,0.0,0.0,0.0,,,,0.5302194616554655,
11560,11560585,321.6852854812398,402.90940476190474,1.2524956003478804,,0.0,0.0,0.0,,,,0.6481416533982988,
11560,11560605,592.6427221438646,556.3027299703264,0.9386814503651043,,0.0,0.0,0.0,,,,0.48574904940581765,
11560,11560610,347.5587652439024,359.03463503649635,1.033018502020919,,0.0,0.0,0.0,,,,0.5345666042299126,
11560,11560620,381.1942360060515,384.16558139534885,1.0077948329450874,,0.0,0.0,0.0,,,,0.5215138553220201,
11560,11560630,299.341796875,363.2721978021978,1.2135699110334868,,0.0,0.0,0.0,,,,0.6279983805397816,
11560,11560650,235.77696564885497,357.8946987951808,1.5179375042437224,,0.0,0.0,0.0,,,,0.7855025785979227,
11560,11560660,256.6514955357143,355.0201149425287,1.3832770161790309,,0.0,0.0,0.0,,,,0.715818444492039,
11560,11560670,211.89371237458195,343.8224742268041,1.6226176339720775,,0.0,0.0,0.0,,,,0.8396724713634062,
11560,11560680,280.61413621262454,352.56210970464133,1.2563946865367501,,0.0,0.0,0.0,,,,0.6501593532357229,
11560,11560690,316.8192927631579,412.2253781512605,1.301137233645126,,0.0,0.0,0.0,,,,0.6733127347342442,
11560,11560700,274.8350738916256,299.1096385542169,1.0883241149641742,,0.0,0.0,0.0,,,,0.5631861629774976,
11560,11560710,230.22303317535543,252.3035587188612,1.0959092808350221,,0.0,0.0,0.0,,,,0.5671113360060226,
11560,11560720,332.1913943028486,381.64996539792384,1.1488857686962997,,0.0,0.0,0.0,,,,0.5945256186782383,
11590,11590510,525.4697578347578,568.7096987951807,1.082288162764298,,0.0,0.0,0.0,,,,0.5600626773240754,
11590,11590520,180.47578947368422,167.44986394557824,0.9278245266797666,,0.0,0.0,0.0,,,,0.48013080654230617,
11590,11590530,577.2512251148546,640.4834640522876,1.109540242075453,,0.0,0.0,0.0,,,,0.574165088333238,
11590,11590540,397.6672607260726,483.21515503875975,1.2151243080873475,,0.0,0.0,0.0,,,,0.6288027502128143,
11590,11590550,339.97816053511707,456.9876033057851,1.3441675270743807,,0.0,0.0,0.0,,,,0.695580058884289,
11590,11590560,409.160370994941,534.8928455284554,1.307293871661557,,0.0,0.0,0.0,,,,0.6764986729061916,
11590,11590605,454.624106351551,498.89324999999997,1.0973752667972616,,0.0,0.0,0.0,,,,0.5678699546911187,
11590,11590620,364.68966026587884,405.94405487804875,1.1131219201062437,,0.0,0.0,0.0,,,,0.5760185357386998,
11590,11590630,487.95318991097923,466.07380503144657,0.95516089384819,,0.0,0.0,0.0,,,,0.4942768348473348,
11590,11590640,344.7920038535646,485.1015270935961,1.4069396090160542,,0.0,0.0,0.0,,,,0.7280633673810449,
11590,11590650,227.6743006993007,285.83068376068377,1.2554367483846705,,0.0,0.0,0.0,,,,0.6496636392247757,
11590,11590651,238.06425760286228,323.95452488687783,1.3607860673789063,,0.0,0.0,0.0,,,,0.7041798241745222,
11590,11590660,514.3708675799087,595.1573129251701,1.1570587497020544,,0.0,0.0,0.0,,,,0.5987549743907784,
11590,11590670,356.0825121555916,381.8687725631769,1.072416531358097,,0.0,0.0,0.0,,,,0.5549543036902067,
11590,11590680,375.12901470588235,380.7460068259386,1.014973494184288,,0.0,0.0,0.0,,,,0.5252286702590702,
11620,11620525,320.15085034013606,420.82860262008734,1.3144697325432333,,0.0,0.0,0.0,,,,0.6802120387137155,
11620,11620545,253.70021352313165,490.26073170731706,1.9324411473647283,,0.0,0.0,0.0,,,,1.0,
11620,11620565,425.7203921568627,572.0673023255814,1.343762978858657,,0.0,0.0,0.0,,,,0.6953707131992857,
11620,11620575,443.4547713414634,498.6974247491639,1.1245733657134636,,0.0,0.0,0.0,,,,0.5819444319155826,
11620,11620585,401.54132330827065,414.52463258785946,1.0323336815564093,,0.0,0.0,0.0,,,,0.534212223210111,
11620,11620595,553.7383977110158,573.8817272727273,1.0363769780910586,,0.0,0.0,0.0,,,,0.5363045490437661,
11620,11620605,449.41371641791045,542.6045270270271,1.2073608508256084,,0.0,0.0,0.0,,,,0.6247853149225722,
11620,11620615,230.20918228279388,280.21628000000004,1.217224600779722,,0.0,0.0,0.0,,,,0.6298896100611666,
11620,11620625,357.19061633281973,401.1746896551724,1.1231389384579173,,0.0,0.0,0.0,,,,0.5812021442358247,
11620,11620630,303.8333674963397,321.60836363636366,1.0585024491763173,,0.0,0.0,0.0,,,,0.5477540418862422,
11620,11620645,428.7435391566265,460.169064516129,1.073296790480666,,0.0,0.0,0.0,,,,0.5554098203426903,
11620,11620655,297.6384615384615,385.8702252252252,1.2964393890181503,,0.0,0.0,0.0,,,,0.6708816932335072,
11620,11620665,349.1732389380531,498.57419512195116,1.4278705797680082,,0.0,0.0,0.0,,,,0.7388947299715681,
11620,11620685,326.9283574879227,382.1170454545454,1.1688097306415564,,0.0,0.0,0.0,,,,0.6048358741664466,
11620,11620695,413.97849056603775,432.97590909090906,1.0458898685748041,,0.0,0.0,0.0,,,,0.5412272813591685,
11620,11620715,294.49271604938275,529.3009836065573,1.7973313252263943,,0.0,0.0,0.0,,,,0.9300833444151283,
11620,11620725,367.35963235294116,375.57251612903224,1.0223565222000237,,0.0,0.0,0.0,,,,0.5290492409531914,
11620,11620735,486.45730994152046,465.718380952381,0.9573674224535086,,0.0,0.0,0.0,,,,0.4954186696754369,
11620,11620745,310.84279264214047,382.99784313725496,1.2321271465933052,,0.0,0.0,0.0,,,,0.6376013822069345,
11620,11620765,393.11961424332344,453.5336271186441,1.1536784497298755,,0.0,0.0,0.0,,,,0.5970057361400878,
11620,11620775,388.33172348484845,580.344480874317,1.494455502286463,,0.0,0.0,0.0,,,,0.7733511079105583,
11650,11650510,346.4265384615385,348.8977813504823,1.0071335264899695,,0.0,0.0,0.0,,,,0.5211716423361189,
11650,11650520,440.5584104046242,428.9100294117647,0.973559962271152,,0.0,0.0,0.0,,,,0.5037979881554461,
11650,11650530,815.7701538461539,596.928591954023,0.731736248426904,,0.0,0.0,0.0,,,,0.37865900828326565,
11650,11650531,482.70614388489213,493.36460176991153,1.0220806343984739,,0.0,0.0,0.0,,,,0.5289064744829545,
11650,11650540,529.0634852941176,562.2400609756097,1.0627081184086036,,0.0,0.0,0.0,,,,0.5499303923733044,
11650,11650550,44.07261904761905,36.46150326797385,0.827305117233409,,0.0,0.0,0.0,,,,0.4281140040728308,
11650,11650560,508.93620689655177,529.8209726443769,1.0410361170315992,,0.0,0.0,0.0,,,,0.538715561118775,
11650,11650570,425.15637181409295,427.09899371069184,1.0045691938904973,,0.0,0.0,0.0,,,,0.5198446510313802,
11650,11650580,357.3033231707317,359.7228086419753,1.0067715168439324,,0.0,0.0,0.0,,,,0.5209843095179729,
11650,11650581,701.8709550561798,546.6651714285714,0.7788684906968614,,0.0,0.0,0.0,,,,0.40304900967307855,
11650,11650590,305.81135,411.5571120689655,1.345787565010146,,0.0,0.0,0.0,,,,0.6964183964129504,
11650,11650600,264.45406885758996,320.18346153846153,1.2107337312736988,,0.0,0.0,0.0,,,,0.6265307137165742,
11650,11650610,246.94216923076922,276.66974276527327,1.1203827342535548,,0.0,0.0,0.0,,,,0.5797758631777334,
11650,11650620,253.63146048109968,318.57523605150215,1.2560556779794358,,0.0,0.0,0.0,,,,0.6499839230251954,
11650,11650621,390.2115350223547,462.9885501858736,1.1865065704922064,,0.0,0.0,0.0,,,,0.6139936381039321,
11650,11650651,777.4531258840169,669.7442352941176,0.8614593124602503,,0.0,0.0,0.0,,,,0.4457881232942194,
11650,11650652,631.8831082981716,444.93385074626866,0.7041394917876398,,0.0,0.0,0.0,,,,0.36437823358702304,
11650,11650660,247.90646687697162,299.7134297520661,1.2089778597861454,,0.0,0.0,0.0,,,,0.6256220850165758,
11680,11680510,389.4859365994236,345.8248923076923,0.8879008452193857,,0.0,0.0,0.0,,,,0.45947109252471513,
11680,11680521,449.65228898426324,406.2959940652819,0.9035781736663222,,0.0,0.0,0.0,,,,0.4675837993299473,
11680,11680531,447.05274928774935,378.01843558282206,0.8455790422608658,,0.0,0.0,0.0,,,,0.43757039815364246,
11680,11680545,619.0890226628895,469.2515044247788,0.7579709658013088,,0.0,0.0,0.0,,,,0.39223495465047126,
11680,11680565,492.6028251748252,408.83403508771926,0.8299465902223027,,0.0,0.0,0.0,,,,0.4294809140004608,
11680,11680580,704.7575690607734,365.18,0.5181639985600629,,0.0,0.0,0.0,,,,0.2681396011809641,
11680,11680590,455.6009365558912,476.8925,1.0467329229063091,,0.0,0.0,0.0,,,,0.5416635452695363,
11680,11680600,516.5861573373677,520.4917314487633,1.007560353787887,,0.0,0.0,0.0,,,,0.5213925170046695,
11680,11680610,650.5716549789622,580.361265060241,0.8920789287676671,,0.0,0.0,0.0,,,,0.46163316796695,
11680,11680630,583.3078787878787,486.35644578313253,0.8337902906331173,,0.0,0.0,0.0,,,,0.43146995279528066,
11680,11680640,1068.5394685314684,823.5734722222222,0.770746890008741,,0.0,0.0,0.0,,,,0.39884624225674825,
11680,11680650,565.4814651493598,557.9712386706949,0.9867188812692893,,0.0,0.0,0.0,,,,0.5106074679763877,
11680,11680655,371.1386350574713,358.148487654321,0.9649992046741813,,0.0,0.0,0.0,,,,0.4993679657412344,
11680,11680656,422.67974588938716,474.85402826855125,1.1234369114833758,,0.0,0.0,0.0,,,,0.5813563393717877,
11680,11680660,401.0836888111888,540.1546521739131,1.3467380181301571,,0.0,0.0,0.0,,,,0.6969102370681275,
11680,11680670,533.1884469096673,731.4783199999999,1.3718945416758568,,0.0,0.0,0.0,,,,0.7099282394947503,
11680,11680675,281.17722960151804,362.50384615384615,1.289236140023086,,0.0,0.0,0.0,,,,0.6671541546200351,
11680,11680690,366.3986544342508,405.4801724137931,1.1066639233156774,,0.0,0.0,0.0,,,,0.572676650372942,
11680,11680700,611.7391278195489,708.3573870967742,1.1579402965796979,,0.0,0.0,0.0,,,,0.5992111574309945,
11680,11680720,336.1689589442815,343.22427672955973,1.020987415992943,,0.0,0.0,0.0,,,,0.5283407556215952,
11680,11680730,266.12438524590164,324.05090047393367,1.2176670701352954,,0.0,0.0,0.0,,,,0.6301185791845868,
11680,11680750,301.55061443932414,302.77074074074073,1.0040461741511792,,0.0,0.0,0.0,,,,0.5195739986805797,
11710,11710510,217.51724731182796,265.0556281407035,1.218549937608973,,0.0,0.0,0.0,,,,0.6305754456070813,
11710,11710520,389.4386251808973,387.43692771084335,0.9948600438153146,,0.0,0.0,0.0,,,,0.5148203582665408,
11710,11710531,230.68896475770924,295.59761363636363,1.2813686772873052,,0.0,0.0,0.0,,,,0.6630828985579762,
11710,11710532,433.6969438669439,556.1183743842364,1.282274136925555,,0.0,0.0,0.0,,,,0.6635514559779445,
11710,11710540,283.0594864864865,418.7281818181818,1.479293935757819,,0.0,0.0,0.0,,,,0.7655052976775688,
11710,11710550,369.3446976744186,530.9384768211921,1.4375148206113417,,0.0,0.0,0.0,,,,0.7438854334951841,
11710,11710561,321.82069651741296,316.81806569343064,0.9844552234268388,,0.0,0.0,0.0,,,,0.5094360699001578,
11710,11710562,536.5652528089888,590.9909039548022,1.1014334246597,,0.0,0.0,0.0,,,,0.5699699709674086,
11710,11710566,383.04378378378374,328.32843558282207,0.8571564126156221,,0.0,0.0,0.0,,,,0.4435614578920176,
11710,11710570,555.7378660436137,625.4202112676056,1.1253870745214314,,0.0,0.0,0.0,,,,0.5823655100990386,
11710,11710580,512.7006916426513,484.84897959183667,0.9456764687373834,,0.0,0.0,0.0,,,,0.4893688327983511,
11710,11710590,337.7514345114345,471.4154347826087,1.3957466545316746,,0.0,0.0,0.0,,,,0.7222712352379039,
11710,11710600,528.4746608946609,527.5810638297872,0.9983091013988051,,0.0,0.0,0.0,,,,0.5166051772185664,
11710,11710610,422.24633385335414,481.4854208754209,1.140295089080964,,0.0,0.0,0.0,,,,0.5900801122124653,
11710,11710620,454.2809510086455,483.0135668789809,1.0632485597437886,,0.0,0.0,0.0,,,,0.5502100600547353,
11710,11710631,375.5128335832084,429.17130158730157,1.1428938326609899,,0.0,0.0,0.0,,,,0.5914249105177435,
11710,11710632,460.71831918505944,557.41688,1.2098865115369963,,0.0,0.0,0.0,,,,0.6260922942915594,
11710,11710641,316.289534109817,357.72048689138575,1.1309905903088902,,0.0,0.0,0.0,,,,0.5852652184783081,
11710,11710642,574.522964028777,483.2811411411411,0.8411868130599812,,0.0,0.0,0.0,,,,0.43529750657975197,
11710,11710646,454.95264423076924,553.6388686131387,1.216915377092109,,0.0,0.0,0.0,,,,0.6297295929304847,
11710,11710647,580.119186746988,704.7671140939598,1.2148660657923307,,0.0,0.0,0.0,,,,0.6286691149425402,
11710,11710650,473.3305924855492,485.63729970326415,1.0260002362262073,,0.0,0.0,0.0,,,,0.5309347907569474,
11710,11710670,599.4836233951498,535.8276699029126,0.8938153587387017,,0.0,0.0,0.0,,,,0.46253173606740805,
11710,11710680,851.4574273858921,688.8798033707865,0.8090595973609105,,0.0,0.0,0.0,,,,0.41867230909682596,
11710,11710690,312.1239110429448,398.92007722007725,1.2780823996697588,,0.0,0.0,0.0,,,,0.6613823150126361,
11710,11710710,716.0262623413258,532.4217094017093,0.7435784654891706,,0.0,0.0,0.0,,,,0.38478712094450546,
11710,11710720,193.9886507936508,213.1444019138756,1.0987467619464044,,0.0,0.0,0.0,,,,0.5685796762528921,
11740,11740515,499.18661264181526,653.3222440944882,1.3087735679387518,,0.0,0.0,0.0,,,,0.6772643864075899,
11740,11740525,575.2390408805032,681.6387197231834,1.184966025045548,,0.0,0.0,0.0,,,,0.6131964363631396,
11740,11740526,273.3525393258427,408.5142771084337,1.494459419019609,,0.0,0.0,0.0,,,,0.7733531347423463,
11740,11740530,488.3144911147011,590.9744104803494,1.2102332026463132,,0.0,0.0,0.0,,,,0.6262717000705089,
11740,11740540,353.9001894736842,414.3088144329897,1.1706939604896638,,0.0,0.0,0.0,,,,0.6058109257744486,
11740,11740550,389.9758446601942,547.8636057692307,1.4048654891602637,,0.0,0.0,0.0,,,,0.726990051456977,
11740,11740560,429.1315779092702,601.9385026737968,1.4026898360788136,,0.0,0.0,0.0,,,,0.7258641941006395,
11740,11740570,511.41892405063294,599.6662406015038,1.1725538739394281,,0.0,0.0,0.0,,,,0.6067733941281683,
11740,11740580,291.96102783725905,393.0776966292135,1.3463361858292866,,0.0,0.0,0.0,,,,0.6967022968152414,
11740,11740590,375.50614699331845,572.6552531645569,1.5250223138817125,,0.0,0.0,0.0,,,,0.7891688271911342,
11740,11740600,417.8849427480916,558.4649289099526,1.3364083549825463,,0.0,0.0,0.0,,,,0.6915648410845565,
11740,11740610,629.0036803519062,630.5329617834395,1.0024312758085578,,0.0,0.0,0.0,,,,0.5187383207895228,
11740,11740620,431.8555859969559,474.72258785942495,1.0992623535562447,,0.0,0.0,0.0,,,,0.5688464846938857,
11740,11740640,330.62740853658534,401.89695473251027,1.2155584938084123,,0.0,0.0,0.0,,,,0.6290274327195271,
11740,11740650,408.4618341307815,445.31265517241377,1.090218517282164,,0.0,0.0,0.0,,,,0.5641664786370834,
11740,11740660,492.39629464285713,476.3071134020618,0.9673247312868894,,0.0,0.0,0.0,,,,0.5005713796800648,
11740,11740685,820.7620874471086,783.3170538243626,0.9543777250491495,,0.0,0.0,0.0,,,,0.49387156051330994,
11740,11740690,436.1456037151703,543.8652830188679,1.2469810044767644,,0.0,0.0,0.0,,,,0.6452879593136761,
11740,11740700,378.0892741935484,472.8249206349206,1.2505642262490522,,0.0,0.0,0.0,,,,0.6471422055747714,
